incgroup,L,a3_coef,a3_tstat,a3_pvalue,n_obs,r2
Bottom50,2,-0.18277556691849223,-1.794700067794069,0.08007656767803076,46,0.08118913605653144
Middle40,2,-0.2090189364225194,-2.4365462979200565,0.019257772563661034,46,0.15625927839524667
Top10,2,-0.21872194423687252,-2.2442877831509778,0.0302745222734715,46,0.11940181419422591
Top1,2,-0.20397350132064787,-1.9194344330065356,0.06190716490584544,46,0.09811066751504405
