L,a3_common,a3_top_extra,wald_pvalue
1,-1.3596657568325317,0.05465311537852645,0.7323314977781508
2,-1.6486873747038227,0.015468387783382873,0.9051408346888291
3,-1.210527243830402,-0.056091381049713895,0.7179486180866892
