incgroup,beta,beta_tstat,beta_pvalue,alpha,r_squared,n_obs
Bottom50,0.006510790540488903,0.24452220283936987,0.8079138639910401,0.002520828448535263,0.0012981193844676664,48
Middle40,0.013560822780950353,0.6019766071522099,0.5501454752298285,0.0018830879424135078,0.007816161899118157,48
Top10,0.017580528349573334,0.40711213805963853,0.6858139060185668,0.005929756420619283,0.0035901144854119105,48
Top1,0.15201916469506924,1.034530138468454,0.30629669192934084,-0.0005176883186016794,0.02273734573566566,48
