incgroup,beta,beta_tstat,beta_pvalue,alpha,r_squared,n_obs
Group1,-0.015226862907482335,-0.3338286901769624,0.7400259312638037,0.007151103608069853,0.0024167883399862644,48
Group2,0.003262174103973361,0.16039969766588774,0.8732685503491548,0.0017995424823533898,0.000558993069617153,48
Group3,0.005256615343183972,0.23525245613826976,0.8150569637782108,0.001463176677429491,0.001201678538278128,48
Group4,-0.00607813643793095,-0.2570159033739324,0.798312659995807,0.003740294500737128,0.0014339663222483479,48
Group5,0.004362937466641421,0.21119541331077135,0.8336676599231395,0.004665463631824147,0.0009687020673548874,48
Group6,-0.002294983130832243,-0.09527486849942776,0.9245103444913991,0.00751639382077972,0.0001972936885535903,48
Group7,-0.011847783939353113,-0.18261266840578158,0.8559043916153681,0.010702686994425888,0.0007244180263967781,48
Group8,0.15201916469506885,1.0345301384684518,0.30629669192934195,-0.0005176883186016699,0.022737345735665104,48
